"Timestamp","Q1 - Qual a sua percepção com relação a facilidade de uso da plataforma de eventos para realizar o login (acesso) em uma escala de 1 até 5 ?","Q2 - Qual a sua percepção com relação a facilidade de uso da plataforma de eventos para realizar a submissão de trabalhos acadêmicos (artigos, resumos e mini-cursos) em uma escala de 1 até 5 ?","Q3 - Durante a submissão de trabalhos acadêmicos (artigos, resumos e mini-cursos) um ou mais feedbacks são apresentados na forma de dicas em balões. Você considera essa(s) informações relevantes para a submissão de trabalhos em uma escala de 1 até 5 ?","Q4 - Com relação aos padrões de cores do portal de eventos, você considera que as cores estão padronizadas e proporcionam um agradável uso da plataforma de eventos em uma escala de 1 até 5 ?","Q5 - Com relação à disposição dos menus, botões e elementos visuais e gráficos. Você considera que tais elementos proporcionam um amigável uso do plataforma de eventos em uma escala de 1 até 5  ?","Q6 - Com relação ao conteúdo (texto) da plataforma de eventos. Você considera que o conteúdo é claro e proporciona um amigável entendimento do portal de eventos em uma escala de 1 até 5 ?","Q7 - Dentre os pontos abaixo, qual você considera como um indicativo de qualidade OU ausência de qualidade da plataforma de eventos. ","Q8 - (questão aberta) - Caso você tenha alguma sugestão para melhorar o seu desenvolvimento adicione um breve comentário abaixo.","Q8 - Você já publicou algum trabalho no portal de eventos ?"
"2018/05/08 11:16:17 AM GMT-3","3","3","3","3","3","3","Confuso para o envio de trabalhos","","Não"
"2018/05/08 7:50:29 PM GMT-3","5","5","5","4","5","5","Simplicidade de uso","","Sim"
"2018/05/09 10:13:00 PM GMT-3","5","5","5","5","5","5","Simplicidade de uso","","Sim"
"2018/05/10 8:09:39 PM GMT-3","5","5","5","5","5","5","Simplicidade de uso","Na tela de Inscrição no evento, as imagens com a classe rotulo-resumo não são encontradas.","Não"
"2018/05/10 8:13:42 PM GMT-3","5","4","4","4","5","5","Rápido durante o envio de trabalhos","","Sim"
"2018/05/10 8:18:29 PM GMT-3","5","5","5","5","5","5","Simplicidade de uso","Mais uma área no perfil, para que possa selecionar se você gostaria de ajuda ou não na forma de dicas de baloes para cada funcionalidade.","Sim"
"2018/05/10 8:18:30 PM GMT-3","5","4","4","5","5","4","Simplicidade de uso","","Sim"
"2018/05/10 8:23:01 PM GMT-3","4","4","5","2","3","4","Simplicidade de uso","Pensando no fator de usabilidade do site, eu pensaria na questão da responsividade do mesmo, quando mudado o meio de acesso, como por exemplo celulares, se ao usar o site nesses dispositivos o mesmo ainda manterá seu layout ou se adequará ao browser nestes dispositivos. Outra situação, seria a coloração que está ""bem clara"", e que isso possa gerar um certo incomodo no momento do uso. E, aumentar o campo do formulário resumo, para facilitar a visualização do texto, em toda sua dimensão.","Não"
"2018/05/10 8:26:10 PM GMT-3","4","5","5","5","4","5","Simplicidade de uso","A questão de escolha de curso para a criação do login, poderia ser em ordem alfabética. Acredito que o site está simples e de fácil entendimento, mas para uma melhor avaliação, colocar para análise pessoas que não utilizam diariamente o computador. ","Exemplo para teste do portal."
"2018/05/10 8:30:47 PM GMT-3","5","5","5","5","5","5","Complexo para usar","Ferramenta de visualização do documento...caso o autor encontre o erro, seria legal uma ferramenta para editar o mesmo...ou pode ate ter mas não encontrei.","Sim"
"2018/05/23 11:07:04 AM GMT-3","5","5","5","5","5","5","Simplicidade de uso","","Sim"